IP Address,Port,Code,Country,Anonymity,Google,Https,Last Checked
162.243.5.191,80,US,United States,elite proxy,,no,1 min ago
23.247.137.142,80,US,United States,anonymous,,no,1 min ago
162.249.171.248,4025,US,United States,elite proxy,,no,1 min ago
65.155.249.100,8080,US,United States,elite proxy,no,yes,1 min ago
47.251.122.81,8888,US,United States,elite proxy,no,yes,1 min ago
44.218.183.55,80,US,United States,elite proxy,no,yes,1 min ago
129.10.76.179,80,US,United States,anonymous,no,no,1 min ago
13.56.192.187,80,US,United States,elite proxy,no,yes,1 min ago
3.139.242.184,80,US,United States,elite proxy,no,yes,1 min ago
204.236.176.61,3128,US,United States,elite proxy,no,yes,1 min ago
3.212.148.199,3128,US,United States,elite proxy,no,yes,1 min ago
3.90.100.12,80,US,United States,elite proxy,no,yes,1 min ago
50.169.222.243,80,US,United States,anonymous,no,no,1 min ago
50.168.72.115,80,US,United States,anonymous,no,no,1 min ago
50.168.72.116,80,US,United States,anonymous,no,no,1 min ago
47.88.59.79,82,US,United States,anonymous,no,no,1 min ago
23.247.136.252,80,US,United States,anonymous,no,no,1 min ago
204.236.137.68,80,US,United States,elite proxy,no,yes,1 min ago
52.73.224.54,3128,US,United States,elite proxy,no,yes,1 min ago
44.219.175.186,80,US,United States,elite proxy,no,yes,1 min ago
192.73.244.36,80,US,United States,elite proxy,no,no,1 min ago
198.49.68.80,80,US,United States,elite proxy,no,no,1 min ago
50.217.226.41,80,US,United States,anonymous,no,no,1 min ago
50.217.226.44,80,US,United States,anonymous,no,no,1 min ago
68.185.57.66,80,US,United States,anonymous,no,no,1 min ago
50.231.104.58,80,US,United States,anonymous,no,no,1 min ago
50.174.7.156,80,US,United States,anonymous,no,no,1 min ago
50.207.199.81,80,US,United States,anonymous,no,no,1 min ago
103.152.112.120,80,US,United States,anonymous,no,no,10 mins ago
103.152.112.157,80,US,United States,anonymous,no,no,10 mins ago
44.195.247.145,80,US,United States,elite proxy,no,yes,10 mins ago
54.67.125.45,3128,US,United States,elite proxy,no,yes,10 mins ago
3.21.101.158,3128,US,United States,elite proxy,no,yes,10 mins ago
3.12.144.146,3128,US,United States,elite proxy,no,yes,10 mins ago
54.152.3.36,80,US,United States,elite proxy,no,yes,10 mins ago
50.169.222.241,80,US,United States,anonymous,no,no,10 mins ago
162.223.90.130,80,US,United States,elite proxy,no,no,10 mins ago
172.191.74.198,8080,US,United States,anonymous,no,no,10 mins ago
50.207.199.86,80,US,United States,anonymous,no,no,10 mins ago
63.143.57.115,80,US,United States,anonymous,,no,10 mins ago
66.29.154.103,3128,US,United States,anonymous,,no,10 mins ago
23.82.137.159,80,US,United States,anonymous,,no,11 mins ago
184.169.154.119,80,US,United States,elite proxy,no,yes,20 mins ago
143.42.191.48,80,US,United States,anonymous,,no,30 mins ago
198.74.51.79,8888,US,United States,anonymous,,no,30 mins ago
216.229.112.25,8080,US,United States,elite proxy,,no,30 mins ago
23.122.184.9,8888,US,United States,anonymous,,yes,30 mins ago
144.126.216.57,80,US,United States,anonymous,,no,31 mins ago
165.232.129.150,80,US,United States,anonymous,no,no,40 mins ago
154.205.83.131,40009,US,United States,transparent,no,no,49 mins ago
23.82.137.162,80,US,United States,anonymous,,no,50 mins ago
108.170.12.11,80,US,United States,elite proxy,no,no,51 mins ago
63.143.57.116,80,US,United States,anonymous,no,no,51 mins ago
47.90.205.231,33333,US,United States,anonymous,no,yes,51 mins ago
52.13.248.29,3128,US,United States,elite proxy,no,yes,1 hour 10 mins ago
44.226.29.99,3128,US,United States,elite proxy,no,yes,1 hour 10 mins ago
209.97.150.167,3128,US,United States,anonymous,,no,1 hour 20 mins ago
47.251.74.38,8080,US,United States,elite proxy,,no,1 hour 20 mins ago
47.252.11.233,8443,US,United States,elite proxy,,no,1 hour 20 mins ago
137.66.47.158,80,US,United States,elite proxy,,no,1 hour 20 mins ago
35.209.198.222,80,US,United States,elite proxy,,no,1 hour 20 mins ago
66.29.154.105,3128,US,United States,anonymous,no,no,1 hour 21 mins ago
104.207.49.174,3128,US,United States,transparent,no,no,1 hour 41 mins ago
198.46.161.50,5100,US,United States,transparent,no,no,1 hour 45 mins ago
69.12.93.30,6050,US,United States,transparent,no,no,1 hour 45 mins ago
46.173.87.50,58378,US,United States,transparent,no,no,1 hour 45 mins ago
104.207.44.163,3128,US,United States,transparent,no,no,1 hour 45 mins ago
104.207.58.192,3128,US,United States,transparent,no,no,1 hour 45 mins ago
216.45.62.31,6050,US,United States,transparent,no,no,1 hour 45 mins ago
94.131.186.117,58378,US,United States,transparent,no,no,1 hour 45 mins ago
104.207.47.149,3128,US,United States,transparent,no,no,1 hour 45 mins ago
104.168.25.52,5734,US,United States,transparent,no,no,1 hour 45 mins ago
104.207.46.214,3128,US,United States,transparent,no,no,1 hour 45 mins ago
166.88.58.19,5744,US,United States,transparent,no,no,1 hour 45 mins ago
216.74.118.252,6407,US,United States,transparent,no,no,1 hour 45 mins ago
142.111.239.25,5603,US,United States,transparent,no,no,1 hour 45 mins ago
45.61.124.162,6491,US,United States,transparent,no,no,1 hour 45 mins ago
104.207.62.169,3128,US,United States,transparent,no,no,1 hour 45 mins ago
50.114.15.227,6212,US,United States,transparent,no,no,1 hour 45 mins ago
185.216.106.78,6155,US,United States,transparent,no,no,1 hour 45 mins ago
104.207.58.110,3128,US,United States,transparent,no,no,1 hour 45 mins ago
192.161.179.117,5637,US,United States,transparent,no,no,1 hour 45 mins ago
185.216.106.193,6270,US,United States,transparent,no,no,1 hour 45 mins ago
107.172.163.188,6704,US,United States,transparent,no,no,1 hour 45 mins ago
156.228.112.214,3128,US,United States,transparent,no,no,1 hour 45 mins ago
107.175.119.213,6741,US,United States,transparent,no,no,1 hour 45 mins ago
148.135.144.77,5573,US,United States,transparent,no,no,1 hour 45 mins ago
104.207.39.20,3128,US,United States,transparent,no,no,1 hour 45 mins ago
104.207.42.55,3128,US,United States,transparent,no,no,1 hour 45 mins ago
107.172.163.132,6648,US,United States,transparent,no,no,1 hour 45 mins ago
104.207.59.116,3128,US,United States,transparent,no,no,1 hour 45 mins ago
66.78.34.115,5734,US,United States,transparent,no,no,1 hour 45 mins ago
104.207.63.119,3128,US,United States,transparent,no,no,1 hour 45 mins ago
104.207.39.152,3128,US,United States,transparent,no,no,1 hour 45 mins ago
173.245.88.178,5481,US,United States,transparent,no,no,1 hour 45 mins ago
104.207.60.69,3128,US,United States,transparent,no,no,1 hour 45 mins ago
67.227.113.52,5592,US,United States,transparent,no,no,1 hour 45 mins ago
156.228.85.70,3128,US,United States,transparent,no,no,1 hour 45 mins ago
104.207.43.139,3128,US,United States,transparent,no,no,1 hour 45 mins ago
104.207.58.65,3128,US,United States,transparent,no,no,1 hour 45 mins ago
38.154.206.123,9614,US,United States,transparent,no,no,1 hour 45 mins ago
104.207.49.244,3128,US,United States,transparent,no,no,1 hour 45 mins ago
204.44.109.77,5598,US,United States,transparent,no,no,1 hour 45 mins ago
184.174.126.57,6349,US,United States,transparent,no,no,1 hour 45 mins ago
104.207.42.61,3128,US,United States,transparent,no,no,1 hour 45 mins ago
142.147.242.166,6145,US,United States,transparent,no,no,1 hour 45 mins ago
104.207.60.64,3128,US,United States,transparent,no,no,1 hour 45 mins ago
23.27.93.29,5608,US,United States,transparent,no,no,1 hour 45 mins ago
154.214.1.0,3128,US,United States,transparent,no,no,1 hour 45 mins ago
216.74.115.163,6757,US,United States,transparent,no,no,1 hour 45 mins ago
156.228.111.252,3128,US,United States,transparent,no,no,1 hour 45 mins ago
104.207.55.119,3128,US,United States,transparent,no,no,1 hour 45 mins ago
204.44.108.164,6185,US,United States,transparent,no,no,1 hour 45 mins ago
104.207.42.5,3128,US,United States,transparent,no,no,1 hour 45 mins ago
104.207.60.49,3128,US,United States,transparent,no,no,1 hour 45 mins ago
46.173.64.87,58378,US,United States,transparent,no,no,1 hour 45 mins ago
104.207.48.221,3128,US,United States,transparent,no,no,1 hour 45 mins ago
156.228.114.100,3128,US,United States,transparent,no,no,1 hour 45 mins ago
104.207.63.219,3128,US,United States,transparent,no,no,1 hour 45 mins ago
162.218.208.141,6260,US,United States,transparent,no,no,1 hour 45 mins ago
104.207.49.163,3128,US,United States,transparent,no,no,1 hour 45 mins ago
104.207.55.43,3128,US,United States,transparent,no,no,1 hour 45 mins ago
216.74.115.119,6713,US,United States,transparent,no,no,1 hour 45 mins ago
104.207.47.219,3128,US,United States,transparent,no,no,1 hour 45 mins ago
104.207.37.194,3128,US,United States,transparent,no,no,1 hour 45 mins ago
192.177.87.142,5988,US,United States,transparent,no,no,1 hour 45 mins ago
86.111.227.246,58378,US,United States,transparent,no,no,1 hour 45 mins ago
216.74.115.244,6838,US,United States,transparent,no,no,1 hour 45 mins ago
142.147.242.13,5992,US,United States,transparent,no,no,1 hour 45 mins ago
206.206.69.12,6276,US,United States,transparent,no,no,1 hour 45 mins ago
185.216.106.247,6324,US,United States,transparent,no,no,1 hour 45 mins ago
104.207.58.120,3128,US,United States,transparent,no,no,1 hour 45 mins ago
104.207.46.225,3128,US,United States,transparent,no,no,1 hour 45 mins ago
104.207.61.206,3128,US,United States,transparent,no,no,1 hour 45 mins ago
156.228.82.39,3128,US,United States,transparent,no,no,1 hour 45 mins ago
204.44.92.96,8126,US,United States,transparent,no,no,1 hour 45 mins ago
23.236.247.124,8156,US,United States,transparent,no,no,1 hour 45 mins ago
156.228.109.149,3128,US,United States,transparent,no,no,1 hour 45 mins ago
104.207.39.159,3128,US,United States,transparent,no,no,1 hour 45 mins ago
192.161.179.208,5728,US,United States,transparent,no,no,1 hour 45 mins ago
104.207.57.109,3128,US,United States,transparent,no,no,1 hour 45 mins ago
104.207.55.131,3128,US,United States,transparent,no,no,1 hour 45 mins ago
104.207.50.133,3128,US,United States,transparent,no,no,1 hour 45 mins ago
166.88.195.204,5836,US,United States,transparent,no,no,1 hour 45 mins ago
104.207.38.174,3128,US,United States,transparent,no,no,1 hour 45 mins ago
66.78.34.60,5679,US,United States,transparent,no,no,1 hour 45 mins ago
104.207.47.58,3128,US,United States,transparent,no,no,1 hour 45 mins ago
107.173.36.223,5678,US,United States,transparent,no,no,1 hour 45 mins ago
156.228.89.64,3128,US,United States,transparent,no,no,1 hour 45 mins ago
204.44.108.114,6135,US,United States,transparent,no,no,1 hour 45 mins ago
204.44.108.129,6150,US,United States,transparent,no,no,1 hour 45 mins ago
104.207.56.85,3128,US,United States,transparent,no,no,1 hour 45 mins ago
104.207.50.180,3128,US,United States,transparent,no,no,1 hour 45 mins ago
46.173.69.8,3128,US,United States,transparent,no,no,1 hour 45 mins ago
46.173.82.24,58378,US,United States,transparent,no,no,1 hour 45 mins ago
45.56.173.63,6046,US,United States,transparent,no,no,1 hour 45 mins ago
50.114.15.75,6060,US,United States,transparent,no,no,1 hour 45 mins ago
185.216.106.235,6312,US,United States,transparent,no,no,1 hour 45 mins ago
46.173.93.222,58378,US,United States,transparent,no,no,1 hour 45 mins ago
67.227.37.54,5596,US,United States,transparent,no,no,1 hour 45 mins ago
142.147.131.146,6046,US,United States,transparent,no,no,1 hour 45 mins ago
104.207.51.99,3128,US,United States,transparent,no,no,1 hour 45 mins ago
154.214.1.9,3128,US,United States,transparent,no,no,1 hour 45 mins ago
104.207.63.49,3128,US,United States,transparent,no,no,1 hour 45 mins ago
198.46.241.245,6780,US,United States,transparent,no,no,1 hour 45 mins ago
104.207.40.0,3128,US,United States,transparent,no,no,1 hour 45 mins ago
104.207.45.148,3128,US,United States,transparent,no,no,1 hour 45 mins ago
104.207.57.140,3128,US,United States,transparent,no,no,1 hour 45 mins ago
154.214.1.179,3128,US,United States,transparent,no,no,1 hour 45 mins ago
156.228.80.123,3128,US,United States,transparent,no,no,1 hour 45 mins ago
104.207.53.161,3128,US,United States,transparent,no,no,1 hour 45 mins ago
104.207.42.134,3128,US,United States,transparent,no,no,1 hour 45 mins ago
104.207.43.52,3128,US,United States,transparent,no,no,1 hour 45 mins ago
173.245.88.232,5535,US,United States,transparent,no,no,1 hour 45 mins ago
104.207.60.233,3128,US,United States,transparent,no,no,1 hour 45 mins ago
216.74.118.18,6173,US,United States,transparent,no,no,1 hour 45 mins ago
166.88.235.198,5826,US,United States,transparent,no,no,1 hour 45 mins ago
184.174.126.36,6328,US,United States,transparent,no,no,1 hour 45 mins ago
198.55.103.110,5629,US,United States,transparent,no,no,1 hour 45 mins ago
184.174.126.170,6462,US,United States,transparent,no,no,1 hour 45 mins ago
156.228.81.12,3128,US,United States,transparent,no,no,1 hour 45 mins ago
47.251.43.115,33333,US,United States,anonymous,no,yes,2 hours ago
170.205.28.82,10001,US,United States,elite proxy,no,yes,2 hours ago
44.227.181.1,1080,US,United States,elite proxy,no,yes,2 hours ago
52.26.114.229,1080,US,United States,elite proxy,no,yes,2 hours ago
71.42.125.220,4444,US,United States,transparent,no,no,2 hours 1 min ago
62.146.176.25,8080,US,United States,transparent,no,no,2 hours 19 mins ago
107.175.77.50,8961,US,United States,elite proxy,no,no,2 hours 21 mins ago
129.146.226.84,3128,US,United States,transparent,no,no,2 hours 22 mins ago
129.146.167.15,3128,US,United States,anonymous,no,yes,2 hours 24 mins ago
47.88.85.102,443,US,United States,anonymous,,no,2 hours 30 mins ago
63.143.57.119,80,US,United States,anonymous,,no,2 hours 30 mins ago
138.68.60.8,8080,US,United States,anonymous,,no,2 hours 30 mins ago
107.148.42.218,1234,US,United States,elite proxy,no,yes,3 hours ago
209.141.54.136,5555,US,United States,elite proxy,,no,3 hours 11 mins ago
63.143.57.117,80,US,United States,anonymous,,no,3 hours 11 mins ago
199.195.253.14,1080,US,United States,elite proxy,,no,3 hours 11 mins ago
23.147.112.74,8080,US,United States,transparent,no,no,3 hours 15 mins ago
23.82.137.161,80,US,United States,anonymous,no,no,3 hours 20 mins ago
154.205.83.136,20014,US,United States,transparent,no,no,3 hours 34 mins ago
